FICE,Institution,Discipline,Total SCH,Percentage of SCH
3656,UTA,Liberal Arts,253480,0.263267769
3656,UTA,Science,141547,0.147012636
3656,UTA,Fine Arts,37520,0.038968781
3656,UTA,Teacher Education,30983,0.032179364
3656,UTA,Agriculture,0,0
3656,UTA,Engineering,118016,0.12257302
3656,UTA,Home Economics,3270,0.003396266
3656,UTA,Law,0,0
3656,UTA,Social Service,51789,0.053788758
3656,UTA,Library Science,66,6.85E-05
3656,UTA,Veterinary Science,0,0
3656,UTA,Vocational Training,0,0
3656,UTA,Physical Training,0,0
3656,UTA,Health Services,25884,0.026883474
3656,UTA,Pharmacy,0,0
3656,UTA,Business Administration,87251,0.090620073
3656,UTA,Optometry,0,0
3656,UTA,Teacher Ed-Practice Teaching,132,0.000137097
3656,UTA,Technology,8142,0.008456392
3656,UTA,Nursing,204742,0.212647821
3658,UT,Liberal Arts,552192,0.413685533
3658,UT,Science,217376,0.16285152
3658,UT,Fine Arts,59223,0.044368079
3658,UT,Teacher Education,25371,0.019007185
3658,UT,Agriculture,0,0
3658,UT,Engineering,185571,0.139024176
3658,UT,Home Economics,30602,0.022926092
3658,UT,Law,27542,0.020633633
3658,UT,Social Service,14548,0.010898921
3658,UT,Library Science,3559,0.002666295
3658,UT,Veterinary Science,0,0
3658,UT,Vocational Training,0,0
3658,UT,Physical Training,0,0
3658,UT,Health Services,38224,0.028636264
3658,UT,Pharmacy,20863,0.015629928
3658,UT,Business Administration,142484,0.1067447
3658,UT,Optometry,0,0
3658,UT,Teacher Ed-Practice Teaching,0,0
3658,UT,Technology,870,0.000651778
3658,UT,Nursing,16386,0.012275895
9741,UTD,Liberal Arts,169457,0.248383995
9741,UTD,Science,142091,0.208271893
9741,UTD,Fine Arts,39306,0.057613326
9741,UTD,Teacher Education,2528,0.003705452
9741,UTD,Agriculture,0,0
9741,UTD,Engineering,157523,0.230891566
9741,UTD,Home Economics,0,0
9741,UTD,Law,0,0
9741,UTD,Social Service,0,0
9741,UTD,Library Science,113,0.000165631
9741,UTD,Veterinary Science,0,0
9741,UTD,Vocational Training,0,0
9741,UTD,Physical Training,0,0
9741,UTD,Health Services,23252,0.034081948
9741,UTD,Pharmacy,0,0
9741,UTD,Business Administration,146580,0.214851709
9741,UTD,Optometry,0,0
9741,UTD,Teacher Ed-Practice Teaching,335,0.000491031
9741,UTD,Technology,1053,0.00154345
9741,UTD,Nursing,0,0
3661,UTEP,Liberal Arts,231952,0.411489314
3661,UTEP,Science,93294,0.165506157
3661,UTEP,Fine Arts,30850,0.05472876
3661,UTEP,Teacher Education,20152,0.03575021
3661,UTEP,Agriculture,0,0
3661,UTEP,Engineering,60232,0.106853247
3661,UTEP,Home Economics,0,0
3661,UTEP,Law,0,0
3661,UTEP,Social Service,3893,0.006906291
3661,UTEP,Library Science,0,0
3661,UTEP,Veterinary Science,0,0
3661,UTEP,Vocational Training,0,0
3661,UTEP,Physical Training,0,0
3661,UTEP,Health Services,28367,0.050323849
3661,UTEP,Pharmacy,8670,0.015380822
3661,UTEP,Business Administration,54407,0.096519535
3661,UTEP,Optometry,0,0
3661,UTEP,Teacher Ed-Practice Teaching,936,0.00166049
3661,UTEP,Technology,1545,0.002740873
3661,UTEP,Nursing,29391,0.052140453
3599,UTRGV,Liberal Arts,355308,0.434191473
3599,UTRGV,Science,139185,0.170086066
3599,UTRGV,Fine Arts,45038,0.055037082
3599,UTRGV,Teacher Education,54478,0.066572897
3599,UTRGV,Agriculture,639,0.000780867
3599,UTRGV,Engineering,50749,0.062016006
3599,UTRGV,Home Economics,918,0.001121809
3599,UTRGV,Law,0,0
3599,UTRGV,Social Service,15054,0.018396204
3599,UTRGV,Library Science,21,2.57E-05
3599,UTRGV,Veterinary Science,0,0
3599,UTRGV,Vocational Training,0,0
3599,UTRGV,Physical Training,0,0
3599,UTRGV,Health Services,64150,0.07839222
3599,UTRGV,Pharmacy,0,0
3599,UTRGV,Business Administration,71468,0.087334921
3599,UTRGV,Optometry,0,0
3599,UTRGV,Teacher Ed-Practice Teaching,3658,0.004470128
3599,UTRGV,Technology,7555,0.009232318
3599,UTRGV,Nursing,10100,0.012342345
9930,UTPB,Liberal Arts,49024,0.410937317
9930,UTPB,Science,15015,0.125861289
9930,UTPB,Fine Arts,4998,0.041895086
9930,UTPB,Teacher Education,9428,0.079028986
9930,UTPB,Agriculture,0,0
9930,UTPB,Engineering,8143,0.068257641
9930,UTPB,Home Economics,990,0.008298546
9930,UTPB,Law,0,0
9930,UTPB,Social Service,681,0.005708394
9930,UTPB,Library Science,0,0
9930,UTPB,Veterinary Science,0,0
9930,UTPB,Vocational Training,0,0
9930,UTPB,Physical Training,0,0
9930,UTPB,Health Services,1705,0.014291941
9930,UTPB,Pharmacy,0,0
9930,UTPB,Business Administration,24690,0.20696072
9930,UTPB,Optometry,0,0
9930,UTPB,Teacher Ed-Practice Teaching,0,0
9930,UTPB,Technology,1404,0.011768848
9930,UTPB,Nursing,3220,0.026991232
10115,UTSA,Liberal Arts,332936,0.402762539
10115,UTSA,Science,192083,0.232368493
10115,UTSA,Fine Arts,32386,0.039178303
10115,UTSA,Teacher Education,19969,0.024157091
10115,UTSA,Agriculture,319,0.000385904
10115,UTSA,Engineering,128454,0.155394608
10115,UTSA,Home Economics,0,0
10115,UTSA,Law,0,0
10115,UTSA,Social Service,4512,0.0054583
10115,UTSA,Library Science,96,0.000116134
10115,UTSA,Veterinary Science,0,0
10115,UTSA,Vocational Training,0,0
10115,UTSA,Physical Training,0,0
10115,UTSA,Health Services,7746,0.009370566
10115,UTSA,Pharmacy,0,0
10115,UTSA,Business Administration,100459,0.121528227
10115,UTSA,Optometry,0,0
10115,UTSA,Teacher Ed-Practice Teaching,2145,0.00259487
10115,UTSA,Technology,5526,0.006684966
10115,UTSA,Nursing,0,0
11163,UTT,Liberal Arts,59971,0.276530993
11163,UTT,Science,28715,0.132407121
11163,UTT,Fine Arts,6186,0.028524132
11163,UTT,Teacher Education,12667,0.058408532
11163,UTT,Agriculture,0,0
11163,UTT,Engineering,19304,0.089012261
11163,UTT,Home Economics,378,0.001742988
11163,UTT,Law,0,0
11163,UTT,Social Service,111,0.00051183
11163,UTT,Library Science,0,0
11163,UTT,Veterinary Science,0,0
11163,UTT,Vocational Training,0,0
11163,UTT,Physical Training,0,0
11163,UTT,Health Services,9063,0.041790205
11163,UTT,Pharmacy,0,0
11163,UTT,Business Administration,34154,0.157486778
11163,UTT,Optometry,0,0
11163,UTT,Teacher Ed-Practice Teaching,516,0.002379317
11163,UTT,Technology,3954,0.018232205
11163,UTT,Nursing,41850,0.192973638
3632,TAMU,Liberal Arts,451124,0.270359971
3632,TAMU,Science,388944,0.23309531
3632,TAMU,Fine Arts,49117,0.029435966
3632,TAMU,Teacher Education,42151,0.025261221
3632,TAMU,Agriculture,87507,0.052443209
3632,TAMU,Engineering,332210,0.199094453
3632,TAMU,Home Economics,983,0.000589115
3632,TAMU,Law,18039,0.010810827
3632,TAMU,Social Service,0,0
3632,TAMU,Library Science,99,5.93E-05
3632,TAMU,Veterinary Science,14352,0.008601197
3632,TAMU,Vocational Training,0,0
3632,TAMU,Physical Training,0,0
3632,TAMU,Health Services,22313,0.013372248
3632,TAMU,Pharmacy,0,0
3632,TAMU,Business Administration,203266,0.121817926
3632,TAMU,Optometry,0,0
3632,TAMU,Teacher Ed-Practice Teaching,3018,0.001808696
3632,TAMU,Technology,55482,0.03325053
3632,TAMU,Nursing,0,0
10298,TAMUG,Liberal Arts,15864,0.311737311
10298,TAMUG,Science,16920,0.332488357
10298,TAMUG,Fine Arts,840,0.016506514
10298,TAMUG,Teacher Education,0,0
10298,TAMUG,Agriculture,1117,0.021949734
10298,TAMUG,Engineering,1470,0.0288864
10298,TAMUG,Home Economics,0,0
10298,TAMUG,Law,0,0
10298,TAMUG,Social Service,0,0
10298,TAMUG,Library Science,105,0.002063314
10298,TAMUG,Veterinary Science,0,0
10298,TAMUG,Vocational Training,4894,0.096170096
10298,TAMUG,Physical Training,0,0
10298,TAMUG,Health Services,180,0.00353711
10298,TAMUG,Pharmacy,0,0
10298,TAMUG,Business Administration,8063,0.158442885
10298,TAMUG,Optometry,0,0
10298,TAMUG,Teacher Ed-Practice Teaching,0,0
10298,TAMUG,Technology,1436,0.028218279
10298,TAMUG,Nursing,0,0
3630,PVAMU,Liberal Arts,91556,0.384915497
3630,PVAMU,Science,35013,0.147200034
3630,PVAMU,Fine Arts,9459,0.03976709
3630,PVAMU,Teacher Education,14419,0.060619692
3630,PVAMU,Agriculture,3853,0.016198604
3630,PVAMU,Engineering,25281,0.10628521
3630,PVAMU,Home Economics,7448,0.031312537
3630,PVAMU,Law,0,0
3630,PVAMU,Social Service,3048,0.01281426
3630,PVAMU,Library Science,0,0
3630,PVAMU,Veterinary Science,0,0
3630,PVAMU,Vocational Training,1770,0.007441352
3630,PVAMU,Physical Training,0,0
3630,PVAMU,Health Services,5946,0.024997898
3630,PVAMU,Pharmacy,0,0
3630,PVAMU,Business Administration,25626,0.107735643
3630,PVAMU,Optometry,0,0
3630,PVAMU,Teacher Ed-Practice Teaching,342,0.001437821
3630,PVAMU,Technology,2817,0.011843101
3630,PVAMU,Nursing,11282,0.047431262
3631,TAR,Liberal Arts,113579,0.343209481
3631,TAR,Science,51114,0.154454692
3631,TAR,Fine Arts,9999,0.030214666
3631,TAR,Teacher Education,29614,0.089486662
3631,TAR,Agriculture,26161,0.079052494
3631,TAR,Engineering,14249,0.043057184
3631,TAR,Home Economics,3859,0.011661006
3631,TAR,Law,0,0
3631,TAR,Social Service,6936,0.020958989
3631,TAR,Library Science,0,0
3631,TAR,Veterinary Science,0,0
3631,TAR,Vocational Training,0,0
3631,TAR,Physical Training,0,0
3631,TAR,Health Services,5057,0.015281085
3631,TAR,Pharmacy,0,0
3631,TAR,Business Administration,50654,0.153064678
3631,TAR,Optometry,0,0
3631,TAR,Teacher Ed-Practice Teaching,1068,0.003227249
3631,TAR,Technology,7481,0.022605853
3631,TAR,Nursing,11161,0.033725962
42295,TAMUCT,Liberal Arts,16334,0.357402302
42295,TAMUCT,Science,1842,0.040304582
42295,TAMUCT,Fine Arts,663,0.014507024
42295,TAMUCT,Teacher Education,3082,0.067436874
42295,TAMUCT,Agriculture,0,0
42295,TAMUCT,Engineering,4996,0.109316879
42295,TAMUCT,Home Economics,0,0
42295,TAMUCT,Law,0,0
42295,TAMUCT,Social Service,2142,0.046868846
42295,TAMUCT,Library Science,0,0
42295,TAMUCT,Veterinary Science,0,0
42295,TAMUCT,Vocational Training,0,0
42295,TAMUCT,Physical Training,0,0
42295,TAMUCT,Health Services,687,0.015032165
42295,TAMUCT,Pharmacy,0,0
42295,TAMUCT,Business Administration,13569,0.296901667
42295,TAMUCT,Optometry,0,0
42295,TAMUCT,Teacher Ed-Practice Teaching,138,0.003019562
42295,TAMUCT,Technology,1518,0.033215177
42295,TAMUCT,Nursing,731,0.015994924
11161,TAMUCC,Liberal Arts,86832,0.330642459
11161,TAMUCC,Science,56564,0.215386724
11161,TAMUCC,Fine Arts,13206,0.05028635
11161,TAMUCC,Teacher Education,12266,0.046706979
11161,TAMUCC,Agriculture,412,0.001568831
11161,TAMUCC,Engineering,16478,0.062745606
11161,TAMUCC,Home Economics,0,0
11161,TAMUCC,Law,0,0
11161,TAMUCC,Social Service,267,0.001016694
11161,TAMUCC,Library Science,0,0
11161,TAMUCC,Veterinary Science,0,0
11161,TAMUCC,Vocational Training,0,0
11161,TAMUCC,Physical Training,0,0
11161,TAMUCC,Health Services,10572,0.040256496
11161,TAMUCC,Pharmacy,0,0
11161,TAMUCC,Business Administration,44574,0.169730709
11161,TAMUCC,Optometry,0,0
11161,TAMUCC,Teacher Ed-Practice Teaching,1185,0.004512292
11161,TAMUCC,Technology,1730,0.006587565
11161,TAMUCC,Nursing,18530,0.070559296
3639,TAMUK,Liberal Arts,58338,0.363655631
3639,TAMUK,Science,24713,0.154050904
3639,TAMUK,Fine Arts,9134,0.056937683
3639,TAMUK,Teacher Education,11031,0.068762818
3639,TAMUK,Agriculture,11056,0.068918658
3639,TAMUK,Engineering,21399,0.13339276
3639,TAMUK,Home Economics,1203,0.007499018
3639,TAMUK,Law,0,0
3639,TAMUK,Social Service,2398,0.014948168
3639,TAMUK,Library Science,70,0.000436352
3639,TAMUK,Veterinary Science,0,0
3639,TAMUK,Vocational Training,183,0.001140748
3639,TAMUK,Physical Training,0,0
3639,TAMUK,Health Services,4972,0.030993448
3639,TAMUK,Pharmacy,0,0
3639,TAMUK,Business Administration,12117,0.075532505
3639,TAMUK,Optometry,0,0
3639,TAMUK,Teacher Ed-Practice Teaching,1230,0.007667325
3639,TAMUK,Technology,2577,0.016063982
3639,TAMUK,Nursing,0,0
42485,TAMUSA,Liberal Arts,56291,0.401430548
42485,TAMUSA,Science,17182,0.122530772
42485,TAMUSA,Fine Arts,2160,0.015403705
42485,TAMUSA,Teacher Education,23180,0.16530458
42485,TAMUSA,Agriculture,0,0
42485,TAMUSA,Engineering,6215,0.04432131
42485,TAMUSA,Home Economics,171,0.00121946
42485,TAMUSA,Law,0,0
42485,TAMUSA,Social Service,0,0
42485,TAMUSA,Library Science,0,0
42485,TAMUSA,Veterinary Science,0,0
42485,TAMUSA,Vocational Training,0,0
42485,TAMUSA,Physical Training,0,0
42485,TAMUSA,Health Services,1179,0.008407856
42485,TAMUSA,Pharmacy,0,0
42485,TAMUSA,Business Administration,30287,0.215987049
42485,TAMUSA,Optometry,0,0
42485,TAMUSA,Teacher Ed-Practice Teaching,938,0.006689202
42485,TAMUSA,Technology,2623,0.018705518
42485,TAMUSA,Nursing,0,0
9651,TAMIU,Liberal Arts,102272,0.508274772
9651,TAMIU,Science,30529,0.151724035
9651,TAMIU,Fine Arts,7587,0.037706124
9651,TAMIU,Teacher Education,12379,0.061521564
9651,TAMIU,Agriculture,0,0
9651,TAMIU,Engineering,4001,0.019884302
9651,TAMIU,Home Economics,789,0.003921198
9651,TAMIU,Law,0,0
9651,TAMIU,Social Service,183,0.000909479
9651,TAMIU,Library Science,0,0
9651,TAMIU,Veterinary Science,0,0
9651,TAMIU,Vocational Training,0,0
9651,TAMIU,Physical Training,0,0
9651,TAMIU,Health Services,5265,0.026166171
9651,TAMIU,Pharmacy,0,0
9651,TAMIU,Business Administration,26110,0.129762343
9651,TAMIU,Optometry,0,0
9651,TAMIU,Teacher Ed-Practice Teaching,498,0.002474977
9651,TAMIU,Technology,294,0.001461131
9651,TAMIU,Nursing,11307,0.056193903
3665,WTAMU,Liberal Arts,72277,0.326165635
3665,WTAMU,Science,30830,0.13912706
3665,WTAMU,Fine Arts,13296,0.060001083
3665,WTAMU,Teacher Education,15068,0.067997617
3665,WTAMU,Agriculture,15074,0.068024694
3665,WTAMU,Engineering,8281,0.037369808
3665,WTAMU,Home Economics,0,0
3665,WTAMU,Law,0,0
3665,WTAMU,Social Service,2863,0.012919908
3665,WTAMU,Library Science,0,0
3665,WTAMU,Veterinary Science,0,0
3665,WTAMU,Vocational Training,48,0.00021661
3665,WTAMU,Physical Training,0,0
3665,WTAMU,Health Services,5226,0.023583458
3665,WTAMU,Pharmacy,0,0
3665,WTAMU,Business Administration,43861,0.197932273
3665,WTAMU,Optometry,0,0
3665,WTAMU,Teacher Ed-Practice Teaching,876,0.00395314
3665,WTAMU,Technology,4460,0.020126717
3665,WTAMU,Nursing,9436,0.042581996
3565,TAMUC,Liberal Arts,80496,0.308938159
3565,TAMUC,Science,36984,0.14194207
3565,TAMUC,Fine Arts,14507,0.055676877
3565,TAMUC,Teacher Education,33019,0.126724671
3565,TAMUC,Agriculture,9356,0.03590769
3565,TAMUC,Engineering,14739,0.056567277
3565,TAMUC,Home Economics,627,0.002406383
3565,TAMUC,Law,0,0
3565,TAMUC,Social Service,6321,0.024259567
3565,TAMUC,Library Science,1077,0.004133453
3565,TAMUC,Veterinary Science,0,0
3565,TAMUC,Vocational Training,654,0.002510007
3565,TAMUC,Physical Training,0,0
3565,TAMUC,Health Services,10109,0.038797653
3565,TAMUC,Pharmacy,0,0
3565,TAMUC,Business Administration,44754,0.1717628
3565,TAMUC,Optometry,0,0
3565,TAMUC,Teacher Ed-Practice Teaching,1596,0.006125339
3565,TAMUC,Technology,3379,0.012968372
3565,TAMUC,Nursing,2939,0.011279682
29269,TAMUT,Liberal Arts,21478,0.450991097
29269,TAMUT,Science,5321,0.11172938
29269,TAMUT,Fine Arts,666,0.013984546
29269,TAMUT,Teacher Education,4810,0.100999496
29269,TAMUT,Agriculture,0,0
29269,TAMUT,Engineering,2488,0.052242567
29269,TAMUT,Home Economics,312,0.006551319
29269,TAMUT,Law,0,0
29269,TAMUT,Social Service,716,0.015034436
29269,TAMUT,Library Science,0,0
29269,TAMUT,Veterinary Science,0,0
29269,TAMUT,Vocational Training,0,0
29269,TAMUT,Physical Training,0,0
29269,TAMUT,Health Services,1131,0.02374853
29269,TAMUT,Pharmacy,0,0
29269,TAMUT,Business Administration,8913,0.187153536
29269,TAMUT,Optometry,0,0
29269,TAMUT,Teacher Ed-Practice Teaching,111,0.002330758
29269,TAMUT,Technology,288,0.006047371
29269,TAMUT,Nursing,1390,0.029186965
3652,UH,Liberal Arts,371074,0.320524692
3652,UH,Science,157916,0.136403998
3652,UH,Fine Arts,46471,0.040140519
3652,UH,Teacher Education,34576,0.029865907
3652,UH,Agriculture,0,0
3652,UH,Engineering,118466,0.102328048
3652,UH,Home Economics,27547,0.023794428
3652,UH,Law,20708,0.017887067
3652,UH,Social Service,12751,0.011014004
3652,UH,Library Science,0,0
3652,UH,Veterinary Science,0,0
3652,UH,Vocational Training,1032,0.000891416
3652,UH,Physical Training,0,0
3652,UH,Health Services,51403,0.044400661
3652,UH,Pharmacy,19586,0.01691791
3652,UH,Business Administration,228926,0.197740708
3652,UH,Optometry,15888,0.013723668
3652,UH,Teacher Ed-Practice Teaching,4339,0.003747923
3652,UH,Technology,42214,0.036463426
3652,UH,Nursing,4811,0.004155625
11711,UHCL,Liberal Arts,64196,0.335017222
11711,UHCL,Science,29511,0.154007932
11711,UHCL,Fine Arts,7156,0.037344745
11711,UHCL,Teacher Education,18687,0.097521136
11711,UHCL,Agriculture,0,0
11711,UHCL,Engineering,21879,0.114179104
11711,UHCL,Home Economics,513,0.002677174
11711,UHCL,Law,0,0
11711,UHCL,Social Service,1446,0.007546185
11711,UHCL,Library Science,714,0.003726125
11711,UHCL,Veterinary Science,0,0
11711,UHCL,Vocational Training,900,0.004696796
11711,UHCL,Physical Training,0,0
11711,UHCL,Health Services,7725,0.040314163
11711,UHCL,Pharmacy,0,0
11711,UHCL,Business Administration,36380,0.189854921
11711,UHCL,Optometry,0,0
11711,UHCL,Teacher Ed-Practice Teaching,777,0.0040549
11711,UHCL,Technology,1487,0.00776015
11711,UHCL,Nursing,249,0.001299447
12826,UHD,Liberal Arts,140493,0.42947409
12826,UHD,Science,38140,0.116590448
12826,UHD,Fine Arts,10131,0.030969529
12826,UHD,Teacher Education,12279,0.037535766
12826,UHD,Agriculture,0,0
12826,UHD,Engineering,9246,0.028264166
12826,UHD,Home Economics,1095,0.003347314
12826,UHD,Law,0,0
12826,UHD,Social Service,4596,0.014049546
12826,UHD,Library Science,0,0
12826,UHD,Veterinary Science,0,0
12826,UHD,Vocational Training,0,0
12826,UHD,Physical Training,0,0
12826,UHD,Health Services,3873,0.011839402
12826,UHD,Pharmacy,0,0
12826,UHD,Business Administration,101348,0.30981145
12826,UHD,Optometry,0,0
12826,UHD,Teacher Ed-Practice Teaching,1260,0.003851703
12826,UHD,Technology,3686,0.011267761
12826,UHD,Nursing,981,0.002998826
13231,UHV,Liberal Arts,39555,0.389098743
13231,UHV,Science,6392,0.062877491
13231,UHV,Fine Arts,1224,0.012040371
13231,UHV,Teacher Education,12146,0.119479038
13231,UHV,Agriculture,0,0
13231,UHV,Engineering,6003,0.059050935
13231,UHV,Home Economics,1122,0.011037006
13231,UHV,Law,0,0
13231,UHV,Social Service,0,0
13231,UHV,Library Science,0,0
13231,UHV,Veterinary Science,0,0
13231,UHV,Vocational Training,0,0
13231,UHV,Physical Training,0,0
13231,UHV,Health Services,1522,0.014971768
13231,UHV,Pharmacy,0,0
13231,UHV,Business Administration,31965,0.314436641
13231,UHV,Optometry,0,0
13231,UHV,Teacher Ed-Practice Teaching,417,0.004101989
13231,UHV,Technology,372,0.003659328
13231,UHV,Nursing,940,0.00924669
3592,MID,Liberal Arts,49154,0.38690837
3592,MID,Science,17889,0.140810592
3592,MID,Fine Arts,6085,0.047897169
3592,MID,Teacher Education,7859,0.061860945
3592,MID,Agriculture,282,0.002219721
3592,MID,Engineering,3717,0.02925781
3592,MID,Home Economics,489,0.00384909
3592,MID,Law,0,0
3592,MID,Social Service,1547,0.012176979
3592,MID,Library Science,0,0
3592,MID,Veterinary Science,0,0
3592,MID,Vocational Training,177,0.001393229
3592,MID,Physical Training,0,0
3592,MID,Health Services,12865,0.101264926
3592,MID,Pharmacy,0,0
3592,MID,Business Administration,12996,0.102296073
3592,MID,Optometry,0,0
3592,MID,Teacher Ed-Practice Teaching,372,0.002928142
3592,MID,Technology,1406,0.011067119
3592,MID,Nursing,12205,0.096069835
3594,UNT,Liberal Arts,410995,0.413509136
3594,UNT,Science,130690,0.131489456
3594,UNT,Fine Arts,96162,0.096750241
3594,UNT,Teacher Education,34339,0.034549058
3594,UNT,Agriculture,0,0
3594,UNT,Engineering,60199,0.060567249
3594,UNT,Home Economics,4725,0.004753904
3594,UNT,Law,0,0
3594,UNT,Social Service,7491,0.007536824
3594,UNT,Library Science,5830,0.005865663
3594,UNT,Veterinary Science,0,0
3594,UNT,Vocational Training,14,1.41E-05
3594,UNT,Physical Training,0,0
3594,UNT,Health Services,44635,0.044908041
3594,UNT,Pharmacy,0,0
3594,UNT,Business Administration,183611,0.184734184
3594,UNT,Optometry,0,0
3594,UNT,Teacher Ed-Practice Teaching,2490,0.002505232
3594,UNT,Technology,12739,0.012816927
3594,UNT,Nursing,0,0
42421,UNTD,Liberal Arts,40230,0.413323333
42421,UNTD,Science,7507,0.077126976
42421,UNTD,Fine Arts,1448,0.014876763
42421,UNTD,Teacher Education,6804,0.069904349
42421,UNTD,Agriculture,717,0.007366464
42421,UNTD,Engineering,2223,0.022839119
42421,UNTD,Home Economics,2130,0.021883637
42421,UNTD,Law,9691,0.099565409
42421,UNTD,Social Service,90,0.000924661
42421,UNTD,Library Science,0,0
42421,UNTD,Veterinary Science,0,0
42421,UNTD,Vocational Training,0,0
42421,UNTD,Physical Training,0,0
42421,UNTD,Health Services,1587,0.01630485
42421,UNTD,Pharmacy,0,0
42421,UNTD,Business Administration,22974,0.236035055
42421,UNTD,Optometry,0,0
42421,UNTD,Teacher Ed-Practice Teaching,444,0.004561659
42421,UNTD,Technology,1488,0.015287724
42421,UNTD,Nursing,0,0
3624,SFASU,Liberal Arts,102701,0.339049021
3624,SFASU,Science,34357,0.113423503
3624,SFASU,Fine Arts,26169,0.086392283
3624,SFASU,Teacher Education,30765,0.101565157
3624,SFASU,Agriculture,11094,0.036624861
3624,SFASU,Engineering,7605,0.02510655
3624,SFASU,Home Economics,14603,0.048209198
3624,SFASU,Law,0,0
3624,SFASU,Social Service,8217,0.027126959
3624,SFASU,Library Science,0,0
3624,SFASU,Veterinary Science,0,0
3624,SFASU,Vocational Training,63,0.000207983
3624,SFASU,Physical Training,0,0
3624,SFASU,Health Services,14943,0.049331647
3624,SFASU,Pharmacy,0,0
3624,SFASU,Business Administration,38218,0.126169906
3624,SFASU,Optometry,0,0
3624,SFASU,Teacher Ed-Practice Teaching,2955,0.009755405
3624,SFASU,Technology,1449,0.004783615
3624,SFASU,Nursing,9770,0.032253911
3642,TSU,Liberal Arts,75029,0.411903246
3642,TSU,Science,22455,0.123276165
3642,TSU,Fine Arts,6980,0.038319645
3642,TSU,Teacher Education,7337,0.040279547
3642,TSU,Agriculture,0,0
3642,TSU,Engineering,8562,0.047004699
3642,TSU,Home Economics,1527,0.008383109
3642,TSU,Law,16799,0.092225175
3642,TSU,Social Service,2437,0.013378936
3642,TSU,Library Science,0,0
3642,TSU,Veterinary Science,0,0
3642,TSU,Vocational Training,96,0.000527032
3642,TSU,Physical Training,0,0
3642,TSU,Health Services,8146,0.044720892
3642,TSU,Pharmacy,10766,0.059104484
3642,TSU,Business Administration,20070,0.110182705
3642,TSU,Optometry,0,0
3642,TSU,Teacher Ed-Practice Teaching,78,0.000428214
3642,TSU,Technology,1870,0.010266151
3642,TSU,Nursing,0,0
3644,TTU,Liberal Arts,396856,0.386048195
3644,TTU,Science,193897,0.188616493
3644,TTU,Fine Arts,45743,0.044497255
3644,TTU,Teacher Education,29428,0.028626571
3644,TTU,Agriculture,37911,0.036878548
3644,TTU,Engineering,123575,0.120209612
3644,TTU,Home Economics,10689,0.0103979
3644,TTU,Law,12562,0.012219892
3644,TTU,Social Service,1831,0.001781135
3644,TTU,Library Science,767,0.000746112
3644,TTU,Veterinary Science,0,0
3644,TTU,Vocational Training,0,0
3644,TTU,Physical Training,0,0
3644,TTU,Health Services,18624,0.018116802
3644,TTU,Pharmacy,0,0
3644,TTU,Business Administration,149669,0.145592979
3644,TTU,Optometry,0,0
3644,TTU,Teacher Ed-Practice Teaching,2996,0.002914408
3644,TTU,Technology,3448,0.003354099
3644,TTU,Nursing,0,0
3541,ASU,Liberal Arts,101539,0.466612135
3541,ASU,Science,29777,0.136837171
3541,ASU,Fine Arts,8792,0.040402741
3541,ASU,Teacher Education,13998,0.064326384
3541,ASU,Agriculture,5939,0.02729207
3541,ASU,Engineering,5107,0.023468698
3541,ASU,Home Economics,870,0.003997996
3541,ASU,Law,0,0
3541,ASU,Social Service,6723,0.030894862
3541,ASU,Library Science,0,0
3541,ASU,Veterinary Science,0,0
3541,ASU,Vocational Training,0,0
3541,ASU,Physical Training,0,0
3541,ASU,Health Services,12899,0.059276041
3541,ASU,Pharmacy,0,0
3541,ASU,Business Administration,21387,0.098281781
3541,ASU,Optometry,0,0
3541,ASU,Teacher Ed-Practice Teaching,891,0.0040945
3541,ASU,Technology,3513,0.016143634
3541,ASU,Nursing,6174,0.028371988
3646,TWU,Liberal Arts,96844,0.271922953
3646,TWU,Science,61314,0.172160216
3646,TWU,Fine Arts,15931,0.044731781
3646,TWU,Teacher Education,17790,0.049951565
3646,TWU,Agriculture,1326,0.003723203
3646,TWU,Engineering,4733,0.013289531
3646,TWU,Home Economics,12395,0.03480324
3646,TWU,Law,0,0
3646,TWU,Social Service,3850,0.010810204
3646,TWU,Library Science,5970,0.016762835
3646,TWU,Veterinary Science,0,0
3646,TWU,Vocational Training,0,0
3646,TWU,Physical Training,0,0
3646,TWU,Health Services,47930,0.134580017
3646,TWU,Pharmacy,0,0
3646,TWU,Business Administration,44659,0.125395555
3646,TWU,Optometry,0,0
3646,TWU,Teacher Ed-Practice Teaching,618,0.001735248
3646,TWU,Technology,681,0.001912143
3646,TWU,Nursing,42104,0.118221511
3581,LU,Liberal Arts,103024,0.288090378
3581,LU,Science,34326,0.095987249
3581,LU,Fine Arts,12588,0.035200358
3581,LU,Teacher Education,81981,0.229246945
3581,LU,Agriculture,0,0
3581,LU,Engineering,23894,0.066815805
3581,LU,Home Economics,10335,0.028900199
3581,LU,Law,0,0
3581,LU,Social Service,2691,0.007524957
3581,LU,Library Science,211,0.000590028
3581,LU,Veterinary Science,0,0
3581,LU,Vocational Training,0,0
3581,LU,Physical Training,0,0
3581,LU,Health Services,35040,0.097983837
3581,LU,Pharmacy,0,0
3581,LU,Business Administration,39380,0.110119963
3581,LU,Optometry,0,0
3581,LU,Teacher Ed-Practice Teaching,678,0.00189592
3581,LU,Technology,1614,0.004513297
3581,LU,Nursing,11848,0.033131065
3606,SHSU,Liberal Arts,244326,0.475472844
3606,SHSU,Science,63853,0.124261714
3606,SHSU,Fine Arts,31186,0.0606898
3606,SHSU,Teacher Education,32777,0.06378598
3606,SHSU,Agriculture,13949,0.027145579
3606,SHSU,Engineering,6547,0.012740849
3606,SHSU,Home Economics,5314,0.010341358
3606,SHSU,Law,0,0
3606,SHSU,Social Service,0,0
3606,SHSU,Library Science,2276,0.004429231
3606,SHSU,Veterinary Science,0,0
3606,SHSU,Vocational Training,663,0.001290237
3606,SHSU,Physical Training,0,0
3606,SHSU,Health Services,21386,0.041618421
3606,SHSU,Pharmacy,0,0
3606,SHSU,Business Administration,63270,0.123127161
3606,SHSU,Optometry,0,0
3606,SHSU,Teacher Ed-Practice Teaching,1884,0.003666375
3606,SHSU,Technology,18178,0.035375463
3606,SHSU,Nursing,8250,0.016054988
3615,TXST,Liberal Arts,419341,0.457071822
3615,TXST,Science,130641,0.142395616
3615,TXST,Fine Arts,68714,0.074896643
3615,TXST,Teacher Education,35182,0.038347552
3615,TXST,Agriculture,9689,0.010560782
3615,TXST,Engineering,44408,0.048403675
3615,TXST,Home Economics,26031,0.028373177
3615,TXST,Law,0,0
3615,TXST,Social Service,14000,0.015259671
3615,TXST,Library Science,0,0
3615,TXST,Veterinary Science,0,0
3615,TXST,Vocational Training,7413,0.008079996
3615,TXST,Physical Training,0,0
3615,TXST,Health Services,45988,0.050125838
3615,TXST,Pharmacy,0,0
3615,TXST,Business Administration,92832,0.101184695
3615,TXST,Optometry,0,0
3615,TXST,Teacher Ed-Practice Teaching,4050,0.004414405
3615,TXST,Technology,12079,0.013165826
3615,TXST,Nursing,7083,0.007720303
3625,SRSU,Liberal Arts,23163,0.470687448
3625,SRSU,Science,6666,0.13545752
3625,SRSU,Fine Arts,1754,0.035642438
3625,SRSU,Teacher Education,6419,0.130438317
3625,SRSU,Agriculture,2437,0.049521448
3625,SRSU,Engineering,261,0.005303692
3625,SRSU,Home Economics,339,0.006888704
3625,SRSU,Law,0,0
3625,SRSU,Social Service,0,0
3625,SRSU,Library Science,0,0
3625,SRSU,Veterinary Science,0,0
3625,SRSU,Vocational Training,15,0.00030481
3625,SRSU,Physical Training,78,0.001585011
3625,SRSU,Health Services,1329,0.027006157
3625,SRSU,Pharmacy,0,0
3625,SRSU,Business Administration,5370,0.109121944
3625,SRSU,Optometry,0,0
3625,SRSU,Teacher Ed-Practice Teaching,411,0.008351791
3625,SRSU,Technology,879,0.01786186
3625,SRSU,Nursing,90,0.001828859
